ID,path,label,speaker_id,spoof_method
0217.111025.005023.0598.2,C:\Users\Ninzz\Programming\ceb-deepfake-detect\data\normalised\elevenlabs\0217\0217.111025.005023.0598.2.wav,spoof,0217,elevenlabs
0222.111025.023048.0590.2,C:\Users\Ninzz\Programming\ceb-deepfake-detect\data\normalised\elevenlabs\0222\0222.111025.023048.0590.2.wav,spoof,0222,elevenlabs
0242.111027.073953.0470.2,C:\Users\Ninzz\Programming\ceb-deepfake-detect\data\normalised\elevenlabs\0242\0242.111027.073953.0470.2.wav,spoof,0242,elevenlabs
0264.111028.080553.0512.2,C:\Users\Ninzz\Programming\ceb-deepfake-detect\data\normalised\elevenlabs\0264\0264.111028.080553.0512.2.wav,spoof,0264,elevenlabs
0265.111028.065934.0493.2,C:\Users\Ninzz\Programming\ceb-deepfake-detect\data\normalised\elevenlabs\0265\0265.111028.065934.0493.2.wav,spoof,0265,elevenlabs
0292.120216.050242.0481.2,C:\Users\Ninzz\Programming\ceb-deepfake-detect\data\normalised\elevenlabs\0292\0292.120216.050242.0481.2.wav,spoof,0292,elevenlabs
0308.120301.065312.0532.2,C:\Users\Ninzz\Programming\ceb-deepfake-detect\data\normalised\elevenlabs\0308\0308.120301.065312.0532.2.wav,spoof,0308,elevenlabs
0334.120511.024021.0526.2,C:\Users\Ninzz\Programming\ceb-deepfake-detect\data\normalised\elevenlabs\0334\0334.120511.024021.0526.2.wav,spoof,0334,elevenlabs
0345.120521.052109.0367.2,C:\Users\Ninzz\Programming\ceb-deepfake-detect\data\normalised\elevenlabs\0345\0345.120521.052109.0367.2.wav,spoof,0345,elevenlabs
0380.120521.052109.0365.2,C:\Users\Ninzz\Programming\ceb-deepfake-detect\data\normalised\elevenlabs\0380\0380.120521.052109.0365.2.wav,spoof,0380,elevenlabs
0268.111028.015536.0001.1,C:\Users\Ninzz\Programming\ceb-deepfake-detect\data\normalised\meta-mms\0268\0268.111028.015536.0001.1.wav,spoof,0268,meta-mms
0268.111028.015536.0002.1,C:\Users\Ninzz\Programming\ceb-deepfake-detect\data\normalised\meta-mms\0268\0268.111028.015536.0002.1.wav,spoof,0268,meta-mms
0268.111028.015536.0003.1,C:\Users\Ninzz\Programming\ceb-deepfake-detect\data\normalised\meta-mms\0268\0268.111028.015536.0003.1.wav,spoof,0268,meta-mms
0268.111028.015536.0004.1,C:\Users\Ninzz\Programming\ceb-deepfake-detect\data\normalised\meta-mms\0268\0268.111028.015536.0004.1.wav,spoof,0268,meta-mms
0268.111028.015536.0007.1,C:\Users\Ninzz\Programming\ceb-deepfake-detect\data\normalised\meta-mms\0268\0268.111028.015536.0007.1.wav,spoof,0268,meta-mms
0268.111028.015536.0008.1,C:\Users\Ninzz\Programming\ceb-deepfake-detect\data\normalised\meta-mms\0268\0268.111028.015536.0008.1.wav,spoof,0268,meta-mms
0268.111028.015536.0009.1,C:\Users\Ninzz\Programming\ceb-deepfake-detect\data\normalised\meta-mms\0268\0268.111028.015536.0009.1.wav,spoof,0268,meta-mms
0268.111028.015536.0010.1,C:\Users\Ninzz\Programming\ceb-deepfake-detect\data\normalised\meta-mms\0268\0268.111028.015536.0010.1.wav,spoof,0268,meta-mms
0268.111028.015536.0014.1,C:\Users\Ninzz\Programming\ceb-deepfake-detect\data\normalised\meta-mms\0268\0268.111028.015536.0014.1.wav,spoof,0268,meta-mms
0268.111028.015536.0016.1,C:\Users\Ninzz\Programming\ceb-deepfake-detect\data\normalised\meta-mms\0268\0268.111028.015536.0016.1.wav,spoof,0268,meta-mms
0268.111028.015536.0018.1,C:\Users\Ninzz\Programming\ceb-deepfake-detect\data\normalised\meta-mms\0268\0268.111028.015536.0018.1.wav,spoof,0268,meta-mms
0268.111028.015536.0036.1,C:\Users\Ninzz\Programming\ceb-deepfake-detect\data\normalised\meta-mms\0268\0268.111028.015536.0036.1.wav,spoof,0268,meta-mms
0268.111028.015536.0069.1,C:\Users\Ninzz\Programming\ceb-deepfake-detect\data\normalised\meta-mms\0268\0268.111028.015536.0069.1.wav,spoof,0268,meta-mms
0268.111028.015536.0072.1,C:\Users\Ninzz\Programming\ceb-deepfake-detect\data\normalised\meta-mms\0268\0268.111028.015536.0072.1.wav,spoof,0268,meta-mms
0268.111028.015536.0073.1,C:\Users\Ninzz\Programming\ceb-deepfake-detect\data\normalised\meta-mms\0268\0268.111028.015536.0073.1.wav,spoof,0268,meta-mms
0268.111028.015536.0080.1,C:\Users\Ninzz\Programming\ceb-deepfake-detect\data\normalised\meta-mms\0268\0268.111028.015536.0080.1.wav,spoof,0268,meta-mms
0268.111028.015536.0084.1,C:\Users\Ninzz\Programming\ceb-deepfake-detect\data\normalised\meta-mms\0268\0268.111028.015536.0084.1.wav,spoof,0268,meta-mms
0268.111028.015536.0085.1,C:\Users\Ninzz\Programming\ceb-deepfake-detect\data\normalised\meta-mms\0268\0268.111028.015536.0085.1.wav,spoof,0268,meta-mms
0268.111028.015536.0086.1,C:\Users\Ninzz\Programming\ceb-deepfake-detect\data\normalised\meta-mms\0268\0268.111028.015536.0086.1.wav,spoof,0268,meta-mms
0268.111028.015536.0090.1,C:\Users\Ninzz\Programming\ceb-deepfake-detect\data\normalised\meta-mms\0268\0268.111028.015536.0090.1.wav,spoof,0268,meta-mms
0268.111028.015536.0091.1,C:\Users\Ninzz\Programming\ceb-deepfake-detect\data\normalised\meta-mms\0268\0268.111028.015536.0091.1.wav,spoof,0268,meta-mms
0268.111028.015536.0093.1,C:\Users\Ninzz\Programming\ceb-deepfake-detect\data\normalised\meta-mms\0268\0268.111028.015536.0093.1.wav,spoof,0268,meta-mms
0268.111028.015536.0095.1,C:\Users\Ninzz\Programming\ceb-deepfake-detect\data\normalised\meta-mms\0268\0268.111028.015536.0095.1.wav,spoof,0268,meta-mms
0268.111028.015536.0096.1,C:\Users\Ninzz\Programming\ceb-deepfake-detect\data\normalised\meta-mms\0268\0268.111028.015536.0096.1.wav,spoof,0268,meta-mms
0268.111028.015536.0097.1,C:\Users\Ninzz\Programming\ceb-deepfake-detect\data\normalised\meta-mms\0268\0268.111028.015536.0097.1.wav,spoof,0268,meta-mms
0268.111028.015536.0098.1,C:\Users\Ninzz\Programming\ceb-deepfake-detect\data\normalised\meta-mms\0268\0268.111028.015536.0098.1.wav,spoof,0268,meta-mms
0268.111028.015536.0099.1,C:\Users\Ninzz\Programming\ceb-deepfake-detect\data\normalised\meta-mms\0268\0268.111028.015536.0099.1.wav,spoof,0268,meta-mms
0268.111028.015536.0100.1,C:\Users\Ninzz\Programming\ceb-deepfake-detect\data\normalised\meta-mms\0268\0268.111028.015536.0100.1.wav,spoof,0268,meta-mms
0268.111028.015536.0101.1,C:\Users\Ninzz\Programming\ceb-deepfake-detect\data\normalised\meta-mms\0268\0268.111028.015536.0101.1.wav,spoof,0268,meta-mms
0268.111028.015536.0103.1,C:\Users\Ninzz\Programming\ceb-deepfake-detect\data\normalised\meta-mms\0268\0268.111028.015536.0103.1.wav,spoof,0268,meta-mms
0268.111028.015536.0105.1,C:\Users\Ninzz\Programming\ceb-deepfake-detect\data\normalised\meta-mms\0268\0268.111028.015536.0105.1.wav,spoof,0268,meta-mms
0268.111028.015536.0106.1,C:\Users\Ninzz\Programming\ceb-deepfake-detect\data\normalised\meta-mms\0268\0268.111028.015536.0106.1.wav,spoof,0268,meta-mms
0268.111028.015536.0107.1,C:\Users\Ninzz\Programming\ceb-deepfake-detect\data\normalised\meta-mms\0268\0268.111028.015536.0107.1.wav,spoof,0268,meta-mms
0268.111028.015536.0111.1,C:\Users\Ninzz\Programming\ceb-deepfake-detect\data\normalised\meta-mms\0268\0268.111028.015536.0111.1.wav,spoof,0268,meta-mms
0268.111028.015536.0112.1,C:\Users\Ninzz\Programming\ceb-deepfake-detect\data\normalised\meta-mms\0268\0268.111028.015536.0112.1.wav,spoof,0268,meta-mms
0268.111028.015536.0114.1,C:\Users\Ninzz\Programming\ceb-deepfake-detect\data\normalised\meta-mms\0268\0268.111028.015536.0114.1.wav,spoof,0268,meta-mms
0268.111028.015536.0116.1,C:\Users\Ninzz\Programming\ceb-deepfake-detect\data\normalised\meta-mms\0268\0268.111028.015536.0116.1.wav,spoof,0268,meta-mms
0268.111028.015536.0117.1,C:\Users\Ninzz\Programming\ceb-deepfake-detect\data\normalised\meta-mms\0268\0268.111028.015536.0117.1.wav,spoof,0268,meta-mms
0268.111028.015536.0118.1,C:\Users\Ninzz\Programming\ceb-deepfake-detect\data\normalised\meta-mms\0268\0268.111028.015536.0118.1.wav,spoof,0268,meta-mms
0268.111028.015536.0120.1,C:\Users\Ninzz\Programming\ceb-deepfake-detect\data\normalised\meta-mms\0268\0268.111028.015536.0120.1.wav,spoof,0268,meta-mms
0268.111028.015536.0124.1,C:\Users\Ninzz\Programming\ceb-deepfake-detect\data\normalised\meta-mms\0268\0268.111028.015536.0124.1.wav,spoof,0268,meta-mms
0268.111028.015536.0126.1,C:\Users\Ninzz\Programming\ceb-deepfake-detect\data\normalised\meta-mms\0268\0268.111028.015536.0126.1.wav,spoof,0268,meta-mms
0268.111028.015536.0133.1,C:\Users\Ninzz\Programming\ceb-deepfake-detect\data\normalised\meta-mms\0268\0268.111028.015536.0133.1.wav,spoof,0268,meta-mms
0268.111028.015536.0134.1,C:\Users\Ninzz\Programming\ceb-deepfake-detect\data\normalised\meta-mms\0268\0268.111028.015536.0134.1.wav,spoof,0268,meta-mms
0268.111028.015536.0136.1,C:\Users\Ninzz\Programming\ceb-deepfake-detect\data\normalised\meta-mms\0268\0268.111028.015536.0136.1.wav,spoof,0268,meta-mms
0268.111028.015536.0137.1,C:\Users\Ninzz\Programming\ceb-deepfake-detect\data\normalised\meta-mms\0268\0268.111028.015536.0137.1.wav,spoof,0268,meta-mms
0268.111028.015536.0140.1,C:\Users\Ninzz\Programming\ceb-deepfake-detect\data\normalised\meta-mms\0268\0268.111028.015536.0140.1.wav,spoof,0268,meta-mms
0268.111028.015536.0141.1,C:\Users\Ninzz\Programming\ceb-deepfake-detect\data\normalised\meta-mms\0268\0268.111028.015536.0141.1.wav,spoof,0268,meta-mms
0268.111028.015536.0144.1,C:\Users\Ninzz\Programming\ceb-deepfake-detect\data\normalised\meta-mms\0268\0268.111028.015536.0144.1.wav,spoof,0268,meta-mms
0268.111028.015536.0145.1,C:\Users\Ninzz\Programming\ceb-deepfake-detect\data\normalised\meta-mms\0268\0268.111028.015536.0145.1.wav,spoof,0268,meta-mms
0268.111028.015536.0150.1,C:\Users\Ninzz\Programming\ceb-deepfake-detect\data\normalised\meta-mms\0268\0268.111028.015536.0150.1.wav,spoof,0268,meta-mms
0268.111028.015536.0151.1,C:\Users\Ninzz\Programming\ceb-deepfake-detect\data\normalised\meta-mms\0268\0268.111028.015536.0151.1.wav,spoof,0268,meta-mms
0268.111028.015536.0153.1,C:\Users\Ninzz\Programming\ceb-deepfake-detect\data\normalised\meta-mms\0268\0268.111028.015536.0153.1.wav,spoof,0268,meta-mms
0268.111028.015536.0156.1,C:\Users\Ninzz\Programming\ceb-deepfake-detect\data\normalised\meta-mms\0268\0268.111028.015536.0156.1.wav,spoof,0268,meta-mms
0268.111028.015536.0157.1,C:\Users\Ninzz\Programming\ceb-deepfake-detect\data\normalised\meta-mms\0268\0268.111028.015536.0157.1.wav,spoof,0268,meta-mms
0268.111028.015536.0158.1,C:\Users\Ninzz\Programming\ceb-deepfake-detect\data\normalised\meta-mms\0268\0268.111028.015536.0158.1.wav,spoof,0268,meta-mms
0268.111028.015536.0160.1,C:\Users\Ninzz\Programming\ceb-deepfake-detect\data\normalised\meta-mms\0268\0268.111028.015536.0160.1.wav,spoof,0268,meta-mms
0268.111028.015536.0164.1,C:\Users\Ninzz\Programming\ceb-deepfake-detect\data\normalised\meta-mms\0268\0268.111028.015536.0164.1.wav,spoof,0268,meta-mms
0268.111028.015536.0165.1,C:\Users\Ninzz\Programming\ceb-deepfake-detect\data\normalised\meta-mms\0268\0268.111028.015536.0165.1.wav,spoof,0268,meta-mms
0268.111028.015536.0171.1,C:\Users\Ninzz\Programming\ceb-deepfake-detect\data\normalised\meta-mms\0268\0268.111028.015536.0171.1.wav,spoof,0268,meta-mms
0268.111028.015536.0173.1,C:\Users\Ninzz\Programming\ceb-deepfake-detect\data\normalised\meta-mms\0268\0268.111028.015536.0173.1.wav,spoof,0268,meta-mms
0268.111028.015536.0174.1,C:\Users\Ninzz\Programming\ceb-deepfake-detect\data\normalised\meta-mms\0268\0268.111028.015536.0174.1.wav,spoof,0268,meta-mms
0268.111028.015536.0179.1,C:\Users\Ninzz\Programming\ceb-deepfake-detect\data\normalised\meta-mms\0268\0268.111028.015536.0179.1.wav,spoof,0268,meta-mms
0268.111028.015536.0181.1,C:\Users\Ninzz\Programming\ceb-deepfake-detect\data\normalised\meta-mms\0268\0268.111028.015536.0181.1.wav,spoof,0268,meta-mms
0268.111028.015536.0183.1,C:\Users\Ninzz\Programming\ceb-deepfake-detect\data\normalised\meta-mms\0268\0268.111028.015536.0183.1.wav,spoof,0268,meta-mms
0268.111028.015536.0184.1,C:\Users\Ninzz\Programming\ceb-deepfake-detect\data\normalised\meta-mms\0268\0268.111028.015536.0184.1.wav,spoof,0268,meta-mms
0268.111028.015536.0185.1,C:\Users\Ninzz\Programming\ceb-deepfake-detect\data\normalised\meta-mms\0268\0268.111028.015536.0185.1.wav,spoof,0268,meta-mms
0268.111028.015536.0186.1,C:\Users\Ninzz\Programming\ceb-deepfake-detect\data\normalised\meta-mms\0268\0268.111028.015536.0186.1.wav,spoof,0268,meta-mms
0268.111028.015536.0188.1,C:\Users\Ninzz\Programming\ceb-deepfake-detect\data\normalised\meta-mms\0268\0268.111028.015536.0188.1.wav,spoof,0268,meta-mms
0268.111028.015536.0189.1,C:\Users\Ninzz\Programming\ceb-deepfake-detect\data\normalised\meta-mms\0268\0268.111028.015536.0189.1.wav,spoof,0268,meta-mms
0268.111028.015536.0191.1,C:\Users\Ninzz\Programming\ceb-deepfake-detect\data\normalised\meta-mms\0268\0268.111028.015536.0191.1.wav,spoof,0268,meta-mms
0268.111028.015536.0192.1,C:\Users\Ninzz\Programming\ceb-deepfake-detect\data\normalised\meta-mms\0268\0268.111028.015536.0192.1.wav,spoof,0268,meta-mms
0268.111028.015536.0194.1,C:\Users\Ninzz\Programming\ceb-deepfake-detect\data\normalised\meta-mms\0268\0268.111028.015536.0194.1.wav,spoof,0268,meta-mms
0268.111028.015536.0195.1,C:\Users\Ninzz\Programming\ceb-deepfake-detect\data\normalised\meta-mms\0268\0268.111028.015536.0195.1.wav,spoof,0268,meta-mms
0268.111028.015536.0196.1,C:\Users\Ninzz\Programming\ceb-deepfake-detect\data\normalised\meta-mms\0268\0268.111028.015536.0196.1.wav,spoof,0268,meta-mms
0268.111028.015536.0197.1,C:\Users\Ninzz\Programming\ceb-deepfake-detect\data\normalised\meta-mms\0268\0268.111028.015536.0197.1.wav,spoof,0268,meta-mms
0268.111028.015536.0198.1,C:\Users\Ninzz\Programming\ceb-deepfake-detect\data\normalised\meta-mms\0268\0268.111028.015536.0198.1.wav,spoof,0268,meta-mms
0268.111028.015536.0201.1,C:\Users\Ninzz\Programming\ceb-deepfake-detect\data\normalised\meta-mms\0268\0268.111028.015536.0201.1.wav,spoof,0268,meta-mms
0268.111028.015536.0202.1,C:\Users\Ninzz\Programming\ceb-deepfake-detect\data\normalised\meta-mms\0268\0268.111028.015536.0202.1.wav,spoof,0268,meta-mms
0268.111028.015536.0203.1,C:\Users\Ninzz\Programming\ceb-deepfake-detect\data\normalised\meta-mms\0268\0268.111028.015536.0203.1.wav,spoof,0268,meta-mms
0268.111028.015536.0204.1,C:\Users\Ninzz\Programming\ceb-deepfake-detect\data\normalised\meta-mms\0268\0268.111028.015536.0204.1.wav,spoof,0268,meta-mms
0268.111028.015536.0205.1,C:\Users\Ninzz\Programming\ceb-deepfake-detect\data\normalised\meta-mms\0268\0268.111028.015536.0205.1.wav,spoof,0268,meta-mms
0268.111028.015536.0207.1,C:\Users\Ninzz\Programming\ceb-deepfake-detect\data\normalised\meta-mms\0268\0268.111028.015536.0207.1.wav,spoof,0268,meta-mms
0268.111028.015536.0208.1,C:\Users\Ninzz\Programming\ceb-deepfake-detect\data\normalised\meta-mms\0268\0268.111028.015536.0208.1.wav,spoof,0268,meta-mms
0268.111028.015536.0209.1,C:\Users\Ninzz\Programming\ceb-deepfake-detect\data\normalised\meta-mms\0268\0268.111028.015536.0209.1.wav,spoof,0268,meta-mms
0268.111028.015536.0211.1,C:\Users\Ninzz\Programming\ceb-deepfake-detect\data\normalised\meta-mms\0268\0268.111028.015536.0211.1.wav,spoof,0268,meta-mms
0268.111028.015536.0212.1,C:\Users\Ninzz\Programming\ceb-deepfake-detect\data\normalised\meta-mms\0268\0268.111028.015536.0212.1.wav,spoof,0268,meta-mms
0268.111028.015536.0213.1,C:\Users\Ninzz\Programming\ceb-deepfake-detect\data\normalised\meta-mms\0268\0268.111028.015536.0213.1.wav,spoof,0268,meta-mms
0268.111028.015536.0214.1,C:\Users\Ninzz\Programming\ceb-deepfake-detect\data\normalised\meta-mms\0268\0268.111028.015536.0214.1.wav,spoof,0268,meta-mms
0268.111028.015536.0216.1,C:\Users\Ninzz\Programming\ceb-deepfake-detect\data\normalised\meta-mms\0268\0268.111028.015536.0216.1.wav,spoof,0268,meta-mms
0268.111028.015536.0218.1,C:\Users\Ninzz\Programming\ceb-deepfake-detect\data\normalised\meta-mms\0268\0268.111028.015536.0218.1.wav,spoof,0268,meta-mms
0268.111028.015536.0219.1,C:\Users\Ninzz\Programming\ceb-deepfake-detect\data\normalised\meta-mms\0268\0268.111028.015536.0219.1.wav,spoof,0268,meta-mms
0268.111028.015536.0220.1,C:\Users\Ninzz\Programming\ceb-deepfake-detect\data\normalised\meta-mms\0268\0268.111028.015536.0220.1.wav,spoof,0268,meta-mms
0268.111028.015536.0221.1,C:\Users\Ninzz\Programming\ceb-deepfake-detect\data\normalised\meta-mms\0268\0268.111028.015536.0221.1.wav,spoof,0268,meta-mms
0268.111028.015536.0222.1,C:\Users\Ninzz\Programming\ceb-deepfake-detect\data\normalised\meta-mms\0268\0268.111028.015536.0222.1.wav,spoof,0268,meta-mms
0268.111028.015536.0223.1,C:\Users\Ninzz\Programming\ceb-deepfake-detect\data\normalised\meta-mms\0268\0268.111028.015536.0223.1.wav,spoof,0268,meta-mms
0268.111028.015536.0226.1,C:\Users\Ninzz\Programming\ceb-deepfake-detect\data\normalised\meta-mms\0268\0268.111028.015536.0226.1.wav,spoof,0268,meta-mms
0268.111028.015536.0229.1,C:\Users\Ninzz\Programming\ceb-deepfake-detect\data\normalised\meta-mms\0268\0268.111028.015536.0229.1.wav,spoof,0268,meta-mms
0268.111028.015536.0234.1,C:\Users\Ninzz\Programming\ceb-deepfake-detect\data\normalised\meta-mms\0268\0268.111028.015536.0234.1.wav,spoof,0268,meta-mms
0268.111028.015536.0235.1,C:\Users\Ninzz\Programming\ceb-deepfake-detect\data\normalised\meta-mms\0268\0268.111028.015536.0235.1.wav,spoof,0268,meta-mms
0268.111028.015536.0236.1,C:\Users\Ninzz\Programming\ceb-deepfake-detect\data\normalised\meta-mms\0268\0268.111028.015536.0236.1.wav,spoof,0268,meta-mms
0268.111028.015536.0237.1,C:\Users\Ninzz\Programming\ceb-deepfake-detect\data\normalised\meta-mms\0268\0268.111028.015536.0237.1.wav,spoof,0268,meta-mms
0268.111028.015536.0238.1,C:\Users\Ninzz\Programming\ceb-deepfake-detect\data\normalised\meta-mms\0268\0268.111028.015536.0238.1.wav,spoof,0268,meta-mms
0268.111028.015536.0239.1,C:\Users\Ninzz\Programming\ceb-deepfake-detect\data\normalised\meta-mms\0268\0268.111028.015536.0239.1.wav,spoof,0268,meta-mms
0268.111028.015536.0240.1,C:\Users\Ninzz\Programming\ceb-deepfake-detect\data\normalised\meta-mms\0268\0268.111028.015536.0240.1.wav,spoof,0268,meta-mms
0268.111028.015536.0241.1,C:\Users\Ninzz\Programming\ceb-deepfake-detect\data\normalised\meta-mms\0268\0268.111028.015536.0241.1.wav,spoof,0268,meta-mms
0268.111028.015536.0242.1,C:\Users\Ninzz\Programming\ceb-deepfake-detect\data\normalised\meta-mms\0268\0268.111028.015536.0242.1.wav,spoof,0268,meta-mms
0268.111028.015536.0243.1,C:\Users\Ninzz\Programming\ceb-deepfake-detect\data\normalised\meta-mms\0268\0268.111028.015536.0243.1.wav,spoof,0268,meta-mms
0268.111028.015536.0244.1,C:\Users\Ninzz\Programming\ceb-deepfake-detect\data\normalised\meta-mms\0268\0268.111028.015536.0244.1.wav,spoof,0268,meta-mms
0268.111028.015536.0246.1,C:\Users\Ninzz\Programming\ceb-deepfake-detect\data\normalised\meta-mms\0268\0268.111028.015536.0246.1.wav,spoof,0268,meta-mms
0268.111028.015536.0247.1,C:\Users\Ninzz\Programming\ceb-deepfake-detect\data\normalised\meta-mms\0268\0268.111028.015536.0247.1.wav,spoof,0268,meta-mms
0268.111028.015536.0248.1,C:\Users\Ninzz\Programming\ceb-deepfake-detect\data\normalised\meta-mms\0268\0268.111028.015536.0248.1.wav,spoof,0268,meta-mms
0268.111028.015536.0249.1,C:\Users\Ninzz\Programming\ceb-deepfake-detect\data\normalised\meta-mms\0268\0268.111028.015536.0249.1.wav,spoof,0268,meta-mms
0268.111028.015536.0250.1,C:\Users\Ninzz\Programming\ceb-deepfake-detect\data\normalised\meta-mms\0268\0268.111028.015536.0250.1.wav,spoof,0268,meta-mms
0268.111028.015536.0251.1,C:\Users\Ninzz\Programming\ceb-deepfake-detect\data\normalised\meta-mms\0268\0268.111028.015536.0251.1.wav,spoof,0268,meta-mms
0268.111028.015536.0252.1,C:\Users\Ninzz\Programming\ceb-deepfake-detect\data\normalised\meta-mms\0268\0268.111028.015536.0252.1.wav,spoof,0268,meta-mms
0268.111028.015536.0253.1,C:\Users\Ninzz\Programming\ceb-deepfake-detect\data\normalised\meta-mms\0268\0268.111028.015536.0253.1.wav,spoof,0268,meta-mms
0268.111028.015536.0254.1,C:\Users\Ninzz\Programming\ceb-deepfake-detect\data\normalised\meta-mms\0268\0268.111028.015536.0254.1.wav,spoof,0268,meta-mms
0268.111028.015536.0255.1,C:\Users\Ninzz\Programming\ceb-deepfake-detect\data\normalised\meta-mms\0268\0268.111028.015536.0255.1.wav,spoof,0268,meta-mms
0268.111028.015536.0257.1,C:\Users\Ninzz\Programming\ceb-deepfake-detect\data\normalised\meta-mms\0268\0268.111028.015536.0257.1.wav,spoof,0268,meta-mms
0268.111028.015536.0258.1,C:\Users\Ninzz\Programming\ceb-deepfake-detect\data\normalised\meta-mms\0268\0268.111028.015536.0258.1.wav,spoof,0268,meta-mms
0268.111028.015536.0259.1,C:\Users\Ninzz\Programming\ceb-deepfake-detect\data\normalised\meta-mms\0268\0268.111028.015536.0259.1.wav,spoof,0268,meta-mms
0268.111028.015536.0260.1,C:\Users\Ninzz\Programming\ceb-deepfake-detect\data\normalised\meta-mms\0268\0268.111028.015536.0260.1.wav,spoof,0268,meta-mms
0268.111028.015536.0261.1,C:\Users\Ninzz\Programming\ceb-deepfake-detect\data\normalised\meta-mms\0268\0268.111028.015536.0261.1.wav,spoof,0268,meta-mms
0268.111028.015536.0262.1,C:\Users\Ninzz\Programming\ceb-deepfake-detect\data\normalised\meta-mms\0268\0268.111028.015536.0262.1.wav,spoof,0268,meta-mms
0268.111028.015536.0263.1,C:\Users\Ninzz\Programming\ceb-deepfake-detect\data\normalised\meta-mms\0268\0268.111028.015536.0263.1.wav,spoof,0268,meta-mms
0268.111028.015536.0264.1,C:\Users\Ninzz\Programming\ceb-deepfake-detect\data\normalised\meta-mms\0268\0268.111028.015536.0264.1.wav,spoof,0268,meta-mms
0268.111028.015536.0265.1,C:\Users\Ninzz\Programming\ceb-deepfake-detect\data\normalised\meta-mms\0268\0268.111028.015536.0265.1.wav,spoof,0268,meta-mms
0268.111028.015536.0266.1,C:\Users\Ninzz\Programming\ceb-deepfake-detect\data\normalised\meta-mms\0268\0268.111028.015536.0266.1.wav,spoof,0268,meta-mms
0268.111028.015536.0267.1,C:\Users\Ninzz\Programming\ceb-deepfake-detect\data\normalised\meta-mms\0268\0268.111028.015536.0267.1.wav,spoof,0268,meta-mms
0268.111028.015536.0268.1,C:\Users\Ninzz\Programming\ceb-deepfake-detect\data\normalised\meta-mms\0268\0268.111028.015536.0268.1.wav,spoof,0268,meta-mms
0268.111028.015536.0269.1,C:\Users\Ninzz\Programming\ceb-deepfake-detect\data\normalised\meta-mms\0268\0268.111028.015536.0269.1.wav,spoof,0268,meta-mms
0268.111028.015536.0270.1,C:\Users\Ninzz\Programming\ceb-deepfake-detect\data\normalised\meta-mms\0268\0268.111028.015536.0270.1.wav,spoof,0268,meta-mms
0268.111028.015536.0271.1,C:\Users\Ninzz\Programming\ceb-deepfake-detect\data\normalised\meta-mms\0268\0268.111028.015536.0271.1.wav,spoof,0268,meta-mms
0268.111028.015536.0272.1,C:\Users\Ninzz\Programming\ceb-deepfake-detect\data\normalised\meta-mms\0268\0268.111028.015536.0272.1.wav,spoof,0268,meta-mms
0268.111028.015536.0273.1,C:\Users\Ninzz\Programming\ceb-deepfake-detect\data\normalised\meta-mms\0268\0268.111028.015536.0273.1.wav,spoof,0268,meta-mms
0268.111028.015536.0274.1,C:\Users\Ninzz\Programming\ceb-deepfake-detect\data\normalised\meta-mms\0268\0268.111028.015536.0274.1.wav,spoof,0268,meta-mms
0268.111028.015536.0275.1,C:\Users\Ninzz\Programming\ceb-deepfake-detect\data\normalised\meta-mms\0268\0268.111028.015536.0275.1.wav,spoof,0268,meta-mms
0268.111028.015536.0276.1,C:\Users\Ninzz\Programming\ceb-deepfake-detect\data\normalised\meta-mms\0268\0268.111028.015536.0276.1.wav,spoof,0268,meta-mms
0268.111028.015536.0277.1,C:\Users\Ninzz\Programming\ceb-deepfake-detect\data\normalised\meta-mms\0268\0268.111028.015536.0277.1.wav,spoof,0268,meta-mms
0268.111028.015536.0278.1,C:\Users\Ninzz\Programming\ceb-deepfake-detect\data\normalised\meta-mms\0268\0268.111028.015536.0278.1.wav,spoof,0268,meta-mms
0268.111028.015536.0279.1,C:\Users\Ninzz\Programming\ceb-deepfake-detect\data\normalised\meta-mms\0268\0268.111028.015536.0279.1.wav,spoof,0268,meta-mms
0268.111028.015536.0280.1,C:\Users\Ninzz\Programming\ceb-deepfake-detect\data\normalised\meta-mms\0268\0268.111028.015536.0280.1.wav,spoof,0268,meta-mms
0268.111028.015536.0281.1,C:\Users\Ninzz\Programming\ceb-deepfake-detect\data\normalised\meta-mms\0268\0268.111028.015536.0281.1.wav,spoof,0268,meta-mms
0268.111028.015536.0285.1,C:\Users\Ninzz\Programming\ceb-deepfake-detect\data\normalised\meta-mms\0268\0268.111028.015536.0285.1.wav,spoof,0268,meta-mms
0268.111028.015536.0286.1,C:\Users\Ninzz\Programming\ceb-deepfake-detect\data\normalised\meta-mms\0268\0268.111028.015536.0286.1.wav,spoof,0268,meta-mms
0268.111028.015536.0287.1,C:\Users\Ninzz\Programming\ceb-deepfake-detect\data\normalised\meta-mms\0268\0268.111028.015536.0287.1.wav,spoof,0268,meta-mms
0268.111028.015536.0289.1,C:\Users\Ninzz\Programming\ceb-deepfake-detect\data\normalised\meta-mms\0268\0268.111028.015536.0289.1.wav,spoof,0268,meta-mms
0268.111028.015536.0290.1,C:\Users\Ninzz\Programming\ceb-deepfake-detect\data\normalised\meta-mms\0268\0268.111028.015536.0290.1.wav,spoof,0268,meta-mms
0268.111028.015536.0291.1,C:\Users\Ninzz\Programming\ceb-deepfake-detect\data\normalised\meta-mms\0268\0268.111028.015536.0291.1.wav,spoof,0268,meta-mms
0268.111028.015536.0293.1,C:\Users\Ninzz\Programming\ceb-deepfake-detect\data\normalised\meta-mms\0268\0268.111028.015536.0293.1.wav,spoof,0268,meta-mms
0268.111028.015536.0294.1,C:\Users\Ninzz\Programming\ceb-deepfake-detect\data\normalised\meta-mms\0268\0268.111028.015536.0294.1.wav,spoof,0268,meta-mms
0268.111028.015536.0296.1,C:\Users\Ninzz\Programming\ceb-deepfake-detect\data\normalised\meta-mms\0268\0268.111028.015536.0296.1.wav,spoof,0268,meta-mms
0268.111028.015536.0297.1,C:\Users\Ninzz\Programming\ceb-deepfake-detect\data\normalised\meta-mms\0268\0268.111028.015536.0297.1.wav,spoof,0268,meta-mms
0268.111028.015536.0298.1,C:\Users\Ninzz\Programming\ceb-deepfake-detect\data\normalised\meta-mms\0268\0268.111028.015536.0298.1.wav,spoof,0268,meta-mms
0268.111028.015536.0299.1,C:\Users\Ninzz\Programming\ceb-deepfake-detect\data\normalised\meta-mms\0268\0268.111028.015536.0299.1.wav,spoof,0268,meta-mms
0268.111028.015536.0300.1,C:\Users\Ninzz\Programming\ceb-deepfake-detect\data\normalised\meta-mms\0268\0268.111028.015536.0300.1.wav,spoof,0268,meta-mms
0268.111028.015536.0301.1,C:\Users\Ninzz\Programming\ceb-deepfake-detect\data\normalised\meta-mms\0268\0268.111028.015536.0301.1.wav,spoof,0268,meta-mms
0268.111028.015536.0302.1,C:\Users\Ninzz\Programming\ceb-deepfake-detect\data\normalised\meta-mms\0268\0268.111028.015536.0302.1.wav,spoof,0268,meta-mms
0268.111028.015536.0303.1,C:\Users\Ninzz\Programming\ceb-deepfake-detect\data\normalised\meta-mms\0268\0268.111028.015536.0303.1.wav,spoof,0268,meta-mms
0268.111028.015536.0304.1,C:\Users\Ninzz\Programming\ceb-deepfake-detect\data\normalised\meta-mms\0268\0268.111028.015536.0304.1.wav,spoof,0268,meta-mms
0268.111028.015536.0305.1,C:\Users\Ninzz\Programming\ceb-deepfake-detect\data\normalised\meta-mms\0268\0268.111028.015536.0305.1.wav,spoof,0268,meta-mms
0268.111028.015536.0306.1,C:\Users\Ninzz\Programming\ceb-deepfake-detect\data\normalised\meta-mms\0268\0268.111028.015536.0306.1.wav,spoof,0268,meta-mms
0268.111028.015536.0307.1,C:\Users\Ninzz\Programming\ceb-deepfake-detect\data\normalised\meta-mms\0268\0268.111028.015536.0307.1.wav,spoof,0268,meta-mms
0268.111028.015536.0308.1,C:\Users\Ninzz\Programming\ceb-deepfake-detect\data\normalised\meta-mms\0268\0268.111028.015536.0308.1.wav,spoof,0268,meta-mms
0268.111028.015536.0309.1,C:\Users\Ninzz\Programming\ceb-deepfake-detect\data\normalised\meta-mms\0268\0268.111028.015536.0309.1.wav,spoof,0268,meta-mms
0268.111028.015536.0310.1,C:\Users\Ninzz\Programming\ceb-deepfake-detect\data\normalised\meta-mms\0268\0268.111028.015536.0310.1.wav,spoof,0268,meta-mms
0268.111028.015536.0311.1,C:\Users\Ninzz\Programming\ceb-deepfake-detect\data\normalised\meta-mms\0268\0268.111028.015536.0311.1.wav,spoof,0268,meta-mms
0268.111028.015536.0313.1,C:\Users\Ninzz\Programming\ceb-deepfake-detect\data\normalised\meta-mms\0268\0268.111028.015536.0313.1.wav,spoof,0268,meta-mms
0268.111028.015536.0314.1,C:\Users\Ninzz\Programming\ceb-deepfake-detect\data\normalised\meta-mms\0268\0268.111028.015536.0314.1.wav,spoof,0268,meta-mms
0268.111028.015536.0316.1,C:\Users\Ninzz\Programming\ceb-deepfake-detect\data\normalised\meta-mms\0268\0268.111028.015536.0316.1.wav,spoof,0268,meta-mms
0268.111028.015536.0317.1,C:\Users\Ninzz\Programming\ceb-deepfake-detect\data\normalised\meta-mms\0268\0268.111028.015536.0317.1.wav,spoof,0268,meta-mms
0268.111028.015536.0318.1,C:\Users\Ninzz\Programming\ceb-deepfake-detect\data\normalised\meta-mms\0268\0268.111028.015536.0318.1.wav,spoof,0268,meta-mms
0268.111028.015536.0319.1,C:\Users\Ninzz\Programming\ceb-deepfake-detect\data\normalised\meta-mms\0268\0268.111028.015536.0319.1.wav,spoof,0268,meta-mms
0268.111028.015536.0320.1,C:\Users\Ninzz\Programming\ceb-deepfake-detect\data\normalised\meta-mms\0268\0268.111028.015536.0320.1.wav,spoof,0268,meta-mms
0268.111028.015536.0321.1,C:\Users\Ninzz\Programming\ceb-deepfake-detect\data\normalised\meta-mms\0268\0268.111028.015536.0321.1.wav,spoof,0268,meta-mms
0268.111028.015536.0322.1,C:\Users\Ninzz\Programming\ceb-deepfake-detect\data\normalised\meta-mms\0268\0268.111028.015536.0322.1.wav,spoof,0268,meta-mms
0268.111028.015536.0323.1,C:\Users\Ninzz\Programming\ceb-deepfake-detect\data\normalised\meta-mms\0268\0268.111028.015536.0323.1.wav,spoof,0268,meta-mms
0268.111028.015536.0324.1,C:\Users\Ninzz\Programming\ceb-deepfake-detect\data\normalised\meta-mms\0268\0268.111028.015536.0324.1.wav,spoof,0268,meta-mms
0268.111028.015536.0325.1,C:\Users\Ninzz\Programming\ceb-deepfake-detect\data\normalised\meta-mms\0268\0268.111028.015536.0325.1.wav,spoof,0268,meta-mms
0268.111028.015536.0326.1,C:\Users\Ninzz\Programming\ceb-deepfake-detect\data\normalised\meta-mms\0268\0268.111028.015536.0326.1.wav,spoof,0268,meta-mms
0268.111028.015536.0327.1,C:\Users\Ninzz\Programming\ceb-deepfake-detect\data\normalised\meta-mms\0268\0268.111028.015536.0327.1.wav,spoof,0268,meta-mms
0268.111028.015536.0328.1,C:\Users\Ninzz\Programming\ceb-deepfake-detect\data\normalised\meta-mms\0268\0268.111028.015536.0328.1.wav,spoof,0268,meta-mms
0268.111028.015536.0329.1,C:\Users\Ninzz\Programming\ceb-deepfake-detect\data\normalised\meta-mms\0268\0268.111028.015536.0329.1.wav,spoof,0268,meta-mms
0268.111028.015536.0330.1,C:\Users\Ninzz\Programming\ceb-deepfake-detect\data\normalised\meta-mms\0268\0268.111028.015536.0330.1.wav,spoof,0268,meta-mms
0268.111028.015536.0331.1,C:\Users\Ninzz\Programming\ceb-deepfake-detect\data\normalised\meta-mms\0268\0268.111028.015536.0331.1.wav,spoof,0268,meta-mms
0268.111028.015536.0332.1,C:\Users\Ninzz\Programming\ceb-deepfake-detect\data\normalised\meta-mms\0268\0268.111028.015536.0332.1.wav,spoof,0268,meta-mms
0268.111028.015536.0333.1,C:\Users\Ninzz\Programming\ceb-deepfake-detect\data\normalised\meta-mms\0268\0268.111028.015536.0333.1.wav,spoof,0268,meta-mms
0268.111028.015536.0334.1,C:\Users\Ninzz\Programming\ceb-deepfake-detect\data\normalised\meta-mms\0268\0268.111028.015536.0334.1.wav,spoof,0268,meta-mms
0268.111028.015536.0335.1,C:\Users\Ninzz\Programming\ceb-deepfake-detect\data\normalised\meta-mms\0268\0268.111028.015536.0335.1.wav,spoof,0268,meta-mms
0268.111028.015536.0337.1,C:\Users\Ninzz\Programming\ceb-deepfake-detect\data\normalised\meta-mms\0268\0268.111028.015536.0337.1.wav,spoof,0268,meta-mms
0268.111028.015536.0338.1,C:\Users\Ninzz\Programming\ceb-deepfake-detect\data\normalised\meta-mms\0268\0268.111028.015536.0338.1.wav,spoof,0268,meta-mms
0268.111028.015536.0339.1,C:\Users\Ninzz\Programming\ceb-deepfake-detect\data\normalised\meta-mms\0268\0268.111028.015536.0339.1.wav,spoof,0268,meta-mms
0268.111028.015536.0342.1,C:\Users\Ninzz\Programming\ceb-deepfake-detect\data\normalised\meta-mms\0268\0268.111028.015536.0342.1.wav,spoof,0268,meta-mms
0268.111028.015536.0343.1,C:\Users\Ninzz\Programming\ceb-deepfake-detect\data\normalised\meta-mms\0268\0268.111028.015536.0343.1.wav,spoof,0268,meta-mms
0268.111028.015536.0344.1,C:\Users\Ninzz\Programming\ceb-deepfake-detect\data\normalised\meta-mms\0268\0268.111028.015536.0344.1.wav,spoof,0268,meta-mms
0268.111028.015536.0345.1,C:\Users\Ninzz\Programming\ceb-deepfake-detect\data\normalised\meta-mms\0268\0268.111028.015536.0345.1.wav,spoof,0268,meta-mms
0268.111028.015536.0346.1,C:\Users\Ninzz\Programming\ceb-deepfake-detect\data\normalised\meta-mms\0268\0268.111028.015536.0346.1.wav,spoof,0268,meta-mms
0268.111028.015536.0348.1,C:\Users\Ninzz\Programming\ceb-deepfake-detect\data\normalised\meta-mms\0268\0268.111028.015536.0348.1.wav,spoof,0268,meta-mms
0268.111028.015536.0349.1,C:\Users\Ninzz\Programming\ceb-deepfake-detect\data\normalised\meta-mms\0268\0268.111028.015536.0349.1.wav,spoof,0268,meta-mms
0268.111028.015536.0350.1,C:\Users\Ninzz\Programming\ceb-deepfake-detect\data\normalised\meta-mms\0268\0268.111028.015536.0350.1.wav,spoof,0268,meta-mms
0268.111028.015536.0351.1,C:\Users\Ninzz\Programming\ceb-deepfake-detect\data\normalised\meta-mms\0268\0268.111028.015536.0351.1.wav,spoof,0268,meta-mms
0268.111028.015536.0353.1,C:\Users\Ninzz\Programming\ceb-deepfake-detect\data\normalised\meta-mms\0268\0268.111028.015536.0353.1.wav,spoof,0268,meta-mms
0268.111028.015536.0354.1,C:\Users\Ninzz\Programming\ceb-deepfake-detect\data\normalised\meta-mms\0268\0268.111028.015536.0354.1.wav,spoof,0268,meta-mms
0268.111028.015536.0355.1,C:\Users\Ninzz\Programming\ceb-deepfake-detect\data\normalised\meta-mms\0268\0268.111028.015536.0355.1.wav,spoof,0268,meta-mms
0268.111028.015536.0356.1,C:\Users\Ninzz\Programming\ceb-deepfake-detect\data\normalised\meta-mms\0268\0268.111028.015536.0356.1.wav,spoof,0268,meta-mms
0268.111028.015536.0357.1,C:\Users\Ninzz\Programming\ceb-deepfake-detect\data\normalised\meta-mms\0268\0268.111028.015536.0357.1.wav,spoof,0268,meta-mms
0268.111028.015536.0358.1,C:\Users\Ninzz\Programming\ceb-deepfake-detect\data\normalised\meta-mms\0268\0268.111028.015536.0358.1.wav,spoof,0268,meta-mms
0268.111028.015536.0360.1,C:\Users\Ninzz\Programming\ceb-deepfake-detect\data\normalised\meta-mms\0268\0268.111028.015536.0360.1.wav,spoof,0268,meta-mms
0268.111028.015536.0361.1,C:\Users\Ninzz\Programming\ceb-deepfake-detect\data\normalised\meta-mms\0268\0268.111028.015536.0361.1.wav,spoof,0268,meta-mms
0268.111028.015536.0362.1,C:\Users\Ninzz\Programming\ceb-deepfake-detect\data\normalised\meta-mms\0268\0268.111028.015536.0362.1.wav,spoof,0268,meta-mms
0268.111028.015536.0363.1,C:\Users\Ninzz\Programming\ceb-deepfake-detect\data\normalised\meta-mms\0268\0268.111028.015536.0363.1.wav,spoof,0268,meta-mms
0268.111028.015536.0364.1,C:\Users\Ninzz\Programming\ceb-deepfake-detect\data\normalised\meta-mms\0268\0268.111028.015536.0364.1.wav,spoof,0268,meta-mms
0268.111028.015536.0365.1,C:\Users\Ninzz\Programming\ceb-deepfake-detect\data\normalised\meta-mms\0268\0268.111028.015536.0365.1.wav,spoof,0268,meta-mms
0268.111028.015536.0368.1,C:\Users\Ninzz\Programming\ceb-deepfake-detect\data\normalised\meta-mms\0268\0268.111028.015536.0368.1.wav,spoof,0268,meta-mms
0268.111028.015536.0370.1,C:\Users\Ninzz\Programming\ceb-deepfake-detect\data\normalised\meta-mms\0268\0268.111028.015536.0370.1.wav,spoof,0268,meta-mms
0268.111028.015536.0371.1,C:\Users\Ninzz\Programming\ceb-deepfake-detect\data\normalised\meta-mms\0268\0268.111028.015536.0371.1.wav,spoof,0268,meta-mms
0268.111028.015536.0373.1,C:\Users\Ninzz\Programming\ceb-deepfake-detect\data\normalised\meta-mms\0268\0268.111028.015536.0373.1.wav,spoof,0268,meta-mms
0268.111028.015536.0374.1,C:\Users\Ninzz\Programming\ceb-deepfake-detect\data\normalised\meta-mms\0268\0268.111028.015536.0374.1.wav,spoof,0268,meta-mms
0268.111028.015536.0375.1,C:\Users\Ninzz\Programming\ceb-deepfake-detect\data\normalised\meta-mms\0268\0268.111028.015536.0375.1.wav,spoof,0268,meta-mms
0268.111028.015536.0376.1,C:\Users\Ninzz\Programming\ceb-deepfake-detect\data\normalised\meta-mms\0268\0268.111028.015536.0376.1.wav,spoof,0268,meta-mms
0268.111028.015536.0377.1,C:\Users\Ninzz\Programming\ceb-deepfake-detect\data\normalised\meta-mms\0268\0268.111028.015536.0377.1.wav,spoof,0268,meta-mms
0268.111028.015536.0378.1,C:\Users\Ninzz\Programming\ceb-deepfake-detect\data\normalised\meta-mms\0268\0268.111028.015536.0378.1.wav,spoof,0268,meta-mms
0268.111028.015536.0380.1,C:\Users\Ninzz\Programming\ceb-deepfake-detect\data\normalised\meta-mms\0268\0268.111028.015536.0380.1.wav,spoof,0268,meta-mms
0268.111028.015536.0381.1,C:\Users\Ninzz\Programming\ceb-deepfake-detect\data\normalised\meta-mms\0268\0268.111028.015536.0381.1.wav,spoof,0268,meta-mms
0268.111028.015536.0382.1,C:\Users\Ninzz\Programming\ceb-deepfake-detect\data\normalised\meta-mms\0268\0268.111028.015536.0382.1.wav,spoof,0268,meta-mms
0268.111028.015536.0383.1,C:\Users\Ninzz\Programming\ceb-deepfake-detect\data\normalised\meta-mms\0268\0268.111028.015536.0383.1.wav,spoof,0268,meta-mms
0268.111028.015536.0384.1,C:\Users\Ninzz\Programming\ceb-deepfake-detect\data\normalised\meta-mms\0268\0268.111028.015536.0384.1.wav,spoof,0268,meta-mms
0268.111028.015536.0385.1,C:\Users\Ninzz\Programming\ceb-deepfake-detect\data\normalised\meta-mms\0268\0268.111028.015536.0385.1.wav,spoof,0268,meta-mms
0268.111028.015536.0387.1,C:\Users\Ninzz\Programming\ceb-deepfake-detect\data\normalised\meta-mms\0268\0268.111028.015536.0387.1.wav,spoof,0268,meta-mms
0268.111028.015536.0388.1,C:\Users\Ninzz\Programming\ceb-deepfake-detect\data\normalised\meta-mms\0268\0268.111028.015536.0388.1.wav,spoof,0268,meta-mms
0268.111028.015536.0389.1,C:\Users\Ninzz\Programming\ceb-deepfake-detect\data\normalised\meta-mms\0268\0268.111028.015536.0389.1.wav,spoof,0268,meta-mms
0268.111028.015536.0391.1,C:\Users\Ninzz\Programming\ceb-deepfake-detect\data\normalised\meta-mms\0268\0268.111028.015536.0391.1.wav,spoof,0268,meta-mms
0268.111028.015536.0392.1,C:\Users\Ninzz\Programming\ceb-deepfake-detect\data\normalised\meta-mms\0268\0268.111028.015536.0392.1.wav,spoof,0268,meta-mms
0268.111028.015536.0393.1,C:\Users\Ninzz\Programming\ceb-deepfake-detect\data\normalised\meta-mms\0268\0268.111028.015536.0393.1.wav,spoof,0268,meta-mms
0268.111028.015536.0396.1,C:\Users\Ninzz\Programming\ceb-deepfake-detect\data\normalised\meta-mms\0268\0268.111028.015536.0396.1.wav,spoof,0268,meta-mms
0268.111028.015536.0398.1,C:\Users\Ninzz\Programming\ceb-deepfake-detect\data\normalised\meta-mms\0268\0268.111028.015536.0398.1.wav,spoof,0268,meta-mms
0268.111028.015536.0399.1,C:\Users\Ninzz\Programming\ceb-deepfake-detect\data\normalised\meta-mms\0268\0268.111028.015536.0399.1.wav,spoof,0268,meta-mms
0268.111028.015536.0400.1,C:\Users\Ninzz\Programming\ceb-deepfake-detect\data\normalised\meta-mms\0268\0268.111028.015536.0400.1.wav,spoof,0268,meta-mms
0268.111028.015536.0402.1,C:\Users\Ninzz\Programming\ceb-deepfake-detect\data\normalised\meta-mms\0268\0268.111028.015536.0402.1.wav,spoof,0268,meta-mms
0268.111028.015536.0403.1,C:\Users\Ninzz\Programming\ceb-deepfake-detect\data\normalised\meta-mms\0268\0268.111028.015536.0403.1.wav,spoof,0268,meta-mms
0268.111028.015536.0404.1,C:\Users\Ninzz\Programming\ceb-deepfake-detect\data\normalised\meta-mms\0268\0268.111028.015536.0404.1.wav,spoof,0268,meta-mms
0268.111028.015536.0405.1,C:\Users\Ninzz\Programming\ceb-deepfake-detect\data\normalised\meta-mms\0268\0268.111028.015536.0405.1.wav,spoof,0268,meta-mms
0268.111028.015536.0406.1,C:\Users\Ninzz\Programming\ceb-deepfake-detect\data\normalised\meta-mms\0268\0268.111028.015536.0406.1.wav,spoof,0268,meta-mms
0268.111028.015536.0408.1,C:\Users\Ninzz\Programming\ceb-deepfake-detect\data\normalised\meta-mms\0268\0268.111028.015536.0408.1.wav,spoof,0268,meta-mms
0268.111028.015536.0409.1,C:\Users\Ninzz\Programming\ceb-deepfake-detect\data\normalised\meta-mms\0268\0268.111028.015536.0409.1.wav,spoof,0268,meta-mms
0268.111028.015536.0410.1,C:\Users\Ninzz\Programming\ceb-deepfake-detect\data\normalised\meta-mms\0268\0268.111028.015536.0410.1.wav,spoof,0268,meta-mms
0268.111028.015536.0411.1,C:\Users\Ninzz\Programming\ceb-deepfake-detect\data\normalised\meta-mms\0268\0268.111028.015536.0411.1.wav,spoof,0268,meta-mms
0268.111028.015536.0412.1,C:\Users\Ninzz\Programming\ceb-deepfake-detect\data\normalised\meta-mms\0268\0268.111028.015536.0412.1.wav,spoof,0268,meta-mms
0268.111028.015536.0413.1,C:\Users\Ninzz\Programming\ceb-deepfake-detect\data\normalised\meta-mms\0268\0268.111028.015536.0413.1.wav,spoof,0268,meta-mms
0268.111028.015536.0414.1,C:\Users\Ninzz\Programming\ceb-deepfake-detect\data\normalised\meta-mms\0268\0268.111028.015536.0414.1.wav,spoof,0268,meta-mms
0268.111028.015536.0415.1,C:\Users\Ninzz\Programming\ceb-deepfake-detect\data\normalised\meta-mms\0268\0268.111028.015536.0415.1.wav,spoof,0268,meta-mms
0268.111028.015536.0416.1,C:\Users\Ninzz\Programming\ceb-deepfake-detect\data\normalised\meta-mms\0268\0268.111028.015536.0416.1.wav,spoof,0268,meta-mms
0268.111028.015536.0417.1,C:\Users\Ninzz\Programming\ceb-deepfake-detect\data\normalised\meta-mms\0268\0268.111028.015536.0417.1.wav,spoof,0268,meta-mms
0268.111028.015536.0418.1,C:\Users\Ninzz\Programming\ceb-deepfake-detect\data\normalised\meta-mms\0268\0268.111028.015536.0418.1.wav,spoof,0268,meta-mms
0268.111028.015536.0419.1,C:\Users\Ninzz\Programming\ceb-deepfake-detect\data\normalised\meta-mms\0268\0268.111028.015536.0419.1.wav,spoof,0268,meta-mms
0268.111028.015536.0421.1,C:\Users\Ninzz\Programming\ceb-deepfake-detect\data\normalised\meta-mms\0268\0268.111028.015536.0421.1.wav,spoof,0268,meta-mms
0268.111028.015536.0422.1,C:\Users\Ninzz\Programming\ceb-deepfake-detect\data\normalised\meta-mms\0268\0268.111028.015536.0422.1.wav,spoof,0268,meta-mms
0268.111028.015536.0424.1,C:\Users\Ninzz\Programming\ceb-deepfake-detect\data\normalised\meta-mms\0268\0268.111028.015536.0424.1.wav,spoof,0268,meta-mms
0268.111028.015536.0425.1,C:\Users\Ninzz\Programming\ceb-deepfake-detect\data\normalised\meta-mms\0268\0268.111028.015536.0425.1.wav,spoof,0268,meta-mms
0268.111028.015536.0427.1,C:\Users\Ninzz\Programming\ceb-deepfake-detect\data\normalised\meta-mms\0268\0268.111028.015536.0427.1.wav,spoof,0268,meta-mms
0268.111028.015536.0428.1,C:\Users\Ninzz\Programming\ceb-deepfake-detect\data\normalised\meta-mms\0268\0268.111028.015536.0428.1.wav,spoof,0268,meta-mms
0268.111028.015536.0429.1,C:\Users\Ninzz\Programming\ceb-deepfake-detect\data\normalised\meta-mms\0268\0268.111028.015536.0429.1.wav,spoof,0268,meta-mms
0268.111028.015536.0431.1,C:\Users\Ninzz\Programming\ceb-deepfake-detect\data\normalised\meta-mms\0268\0268.111028.015536.0431.1.wav,spoof,0268,meta-mms
0268.111028.015536.0432.1,C:\Users\Ninzz\Programming\ceb-deepfake-detect\data\normalised\meta-mms\0268\0268.111028.015536.0432.1.wav,spoof,0268,meta-mms
0268.111028.015536.0436.1,C:\Users\Ninzz\Programming\ceb-deepfake-detect\data\normalised\meta-mms\0268\0268.111028.015536.0436.1.wav,spoof,0268,meta-mms
0268.111028.015536.0438.1,C:\Users\Ninzz\Programming\ceb-deepfake-detect\data\normalised\meta-mms\0268\0268.111028.015536.0438.1.wav,spoof,0268,meta-mms
0268.111028.015536.0442.1,C:\Users\Ninzz\Programming\ceb-deepfake-detect\data\normalised\meta-mms\0268\0268.111028.015536.0442.1.wav,spoof,0268,meta-mms
0268.111028.015536.0444.1,C:\Users\Ninzz\Programming\ceb-deepfake-detect\data\normalised\meta-mms\0268\0268.111028.015536.0444.1.wav,spoof,0268,meta-mms
0268.111028.015536.0446.1,C:\Users\Ninzz\Programming\ceb-deepfake-detect\data\normalised\meta-mms\0268\0268.111028.015536.0446.1.wav,spoof,0268,meta-mms
0268.111028.015536.0447.1,C:\Users\Ninzz\Programming\ceb-deepfake-detect\data\normalised\meta-mms\0268\0268.111028.015536.0447.1.wav,spoof,0268,meta-mms
0268.111028.015536.0448.1,C:\Users\Ninzz\Programming\ceb-deepfake-detect\data\normalised\meta-mms\0268\0268.111028.015536.0448.1.wav,spoof,0268,meta-mms
0268.111028.015536.0450.1,C:\Users\Ninzz\Programming\ceb-deepfake-detect\data\normalised\meta-mms\0268\0268.111028.015536.0450.1.wav,spoof,0268,meta-mms
0268.111028.015536.0451.1,C:\Users\Ninzz\Programming\ceb-deepfake-detect\data\normalised\meta-mms\0268\0268.111028.015536.0451.1.wav,spoof,0268,meta-mms
0268.111028.015536.0452.1,C:\Users\Ninzz\Programming\ceb-deepfake-detect\data\normalised\meta-mms\0268\0268.111028.015536.0452.1.wav,spoof,0268,meta-mms
0268.111028.015536.0454.1,C:\Users\Ninzz\Programming\ceb-deepfake-detect\data\normalised\meta-mms\0268\0268.111028.015536.0454.1.wav,spoof,0268,meta-mms
0268.111028.015536.0455.1,C:\Users\Ninzz\Programming\ceb-deepfake-detect\data\normalised\meta-mms\0268\0268.111028.015536.0455.1.wav,spoof,0268,meta-mms
0268.111028.015536.0456.1,C:\Users\Ninzz\Programming\ceb-deepfake-detect\data\normalised\meta-mms\0268\0268.111028.015536.0456.1.wav,spoof,0268,meta-mms
0268.111028.015536.0459.1,C:\Users\Ninzz\Programming\ceb-deepfake-detect\data\normalised\meta-mms\0268\0268.111028.015536.0459.1.wav,spoof,0268,meta-mms
0268.111028.015536.0462.1,C:\Users\Ninzz\Programming\ceb-deepfake-detect\data\normalised\meta-mms\0268\0268.111028.015536.0462.1.wav,spoof,0268,meta-mms
0268.111028.015536.0463.1,C:\Users\Ninzz\Programming\ceb-deepfake-detect\data\normalised\meta-mms\0268\0268.111028.015536.0463.1.wav,spoof,0268,meta-mms
0268.111028.015536.0464.1,C:\Users\Ninzz\Programming\ceb-deepfake-detect\data\normalised\meta-mms\0268\0268.111028.015536.0464.1.wav,spoof,0268,meta-mms
0268.111028.015536.0465.1,C:\Users\Ninzz\Programming\ceb-deepfake-detect\data\normalised\meta-mms\0268\0268.111028.015536.0465.1.wav,spoof,0268,meta-mms
0268.111028.015536.0466.1,C:\Users\Ninzz\Programming\ceb-deepfake-detect\data\normalised\meta-mms\0268\0268.111028.015536.0466.1.wav,spoof,0268,meta-mms
0268.111028.015536.0467.1,C:\Users\Ninzz\Programming\ceb-deepfake-detect\data\normalised\meta-mms\0268\0268.111028.015536.0467.1.wav,spoof,0268,meta-mms
0268.111028.015536.0468.1,C:\Users\Ninzz\Programming\ceb-deepfake-detect\data\normalised\meta-mms\0268\0268.111028.015536.0468.1.wav,spoof,0268,meta-mms
0268.111028.015536.0471.1,C:\Users\Ninzz\Programming\ceb-deepfake-detect\data\normalised\meta-mms\0268\0268.111028.015536.0471.1.wav,spoof,0268,meta-mms
0268.111028.015536.0472.1,C:\Users\Ninzz\Programming\ceb-deepfake-detect\data\normalised\meta-mms\0268\0268.111028.015536.0472.1.wav,spoof,0268,meta-mms
0268.111028.015536.0473.1,C:\Users\Ninzz\Programming\ceb-deepfake-detect\data\normalised\meta-mms\0268\0268.111028.015536.0473.1.wav,spoof,0268,meta-mms
0268.111028.015536.0474.1,C:\Users\Ninzz\Programming\ceb-deepfake-detect\data\normalised\meta-mms\0268\0268.111028.015536.0474.1.wav,spoof,0268,meta-mms
0268.111028.015536.0475.1,C:\Users\Ninzz\Programming\ceb-deepfake-detect\data\normalised\meta-mms\0268\0268.111028.015536.0475.1.wav,spoof,0268,meta-mms
0268.111028.015536.0480.1,C:\Users\Ninzz\Programming\ceb-deepfake-detect\data\normalised\meta-mms\0268\0268.111028.015536.0480.1.wav,spoof,0268,meta-mms
0268.111028.015536.0481.1,C:\Users\Ninzz\Programming\ceb-deepfake-detect\data\normalised\meta-mms\0268\0268.111028.015536.0481.1.wav,spoof,0268,meta-mms
0268.111028.015536.0483.1,C:\Users\Ninzz\Programming\ceb-deepfake-detect\data\normalised\meta-mms\0268\0268.111028.015536.0483.1.wav,spoof,0268,meta-mms
0268.111028.015536.0484.1,C:\Users\Ninzz\Programming\ceb-deepfake-detect\data\normalised\meta-mms\0268\0268.111028.015536.0484.1.wav,spoof,0268,meta-mms
0268.111028.015536.0485.1,C:\Users\Ninzz\Programming\ceb-deepfake-detect\data\normalised\meta-mms\0268\0268.111028.015536.0485.1.wav,spoof,0268,meta-mms
0268.111028.015536.0488.1,C:\Users\Ninzz\Programming\ceb-deepfake-detect\data\normalised\meta-mms\0268\0268.111028.015536.0488.1.wav,spoof,0268,meta-mms
0268.111028.015536.0494.1,C:\Users\Ninzz\Programming\ceb-deepfake-detect\data\normalised\meta-mms\0268\0268.111028.015536.0494.1.wav,spoof,0268,meta-mms
0268.111028.015536.0495.1,C:\Users\Ninzz\Programming\ceb-deepfake-detect\data\normalised\meta-mms\0268\0268.111028.015536.0495.1.wav,spoof,0268,meta-mms
0268.111028.015536.0496.1,C:\Users\Ninzz\Programming\ceb-deepfake-detect\data\normalised\meta-mms\0268\0268.111028.015536.0496.1.wav,spoof,0268,meta-mms
0268.111028.015536.0497.1,C:\Users\Ninzz\Programming\ceb-deepfake-detect\data\normalised\meta-mms\0268\0268.111028.015536.0497.1.wav,spoof,0268,meta-mms
0268.111028.015536.0499.1,C:\Users\Ninzz\Programming\ceb-deepfake-detect\data\normalised\meta-mms\0268\0268.111028.015536.0499.1.wav,spoof,0268,meta-mms
0268.111028.015536.0501.1,C:\Users\Ninzz\Programming\ceb-deepfake-detect\data\normalised\meta-mms\0268\0268.111028.015536.0501.1.wav,spoof,0268,meta-mms
0268.111028.015536.0503.1,C:\Users\Ninzz\Programming\ceb-deepfake-detect\data\normalised\meta-mms\0268\0268.111028.015536.0503.1.wav,spoof,0268,meta-mms
0268.111028.015536.0506.1,C:\Users\Ninzz\Programming\ceb-deepfake-detect\data\normalised\meta-mms\0268\0268.111028.015536.0506.1.wav,spoof,0268,meta-mms
0268.111028.015536.0508.1,C:\Users\Ninzz\Programming\ceb-deepfake-detect\data\normalised\meta-mms\0268\0268.111028.015536.0508.1.wav,spoof,0268,meta-mms
0268.111028.015536.0511.1,C:\Users\Ninzz\Programming\ceb-deepfake-detect\data\normalised\meta-mms\0268\0268.111028.015536.0511.1.wav,spoof,0268,meta-mms
0268.111028.015536.0513.1,C:\Users\Ninzz\Programming\ceb-deepfake-detect\data\normalised\meta-mms\0268\0268.111028.015536.0513.1.wav,spoof,0268,meta-mms
0268.111028.015536.0514.1,C:\Users\Ninzz\Programming\ceb-deepfake-detect\data\normalised\meta-mms\0268\0268.111028.015536.0514.1.wav,spoof,0268,meta-mms
0268.111028.015536.0516.1,C:\Users\Ninzz\Programming\ceb-deepfake-detect\data\normalised\meta-mms\0268\0268.111028.015536.0516.1.wav,spoof,0268,meta-mms
0268.111028.015536.0517.1,C:\Users\Ninzz\Programming\ceb-deepfake-detect\data\normalised\meta-mms\0268\0268.111028.015536.0517.1.wav,spoof,0268,meta-mms
0268.111028.015536.0518.1,C:\Users\Ninzz\Programming\ceb-deepfake-detect\data\normalised\meta-mms\0268\0268.111028.015536.0518.1.wav,spoof,0268,meta-mms
0268.111028.015536.0520.1,C:\Users\Ninzz\Programming\ceb-deepfake-detect\data\normalised\meta-mms\0268\0268.111028.015536.0520.1.wav,spoof,0268,meta-mms
0268.111028.015536.0521.1,C:\Users\Ninzz\Programming\ceb-deepfake-detect\data\normalised\meta-mms\0268\0268.111028.015536.0521.1.wav,spoof,0268,meta-mms
0268.111028.015536.0523.1,C:\Users\Ninzz\Programming\ceb-deepfake-detect\data\normalised\meta-mms\0268\0268.111028.015536.0523.1.wav,spoof,0268,meta-mms
0268.111028.015536.0524.1,C:\Users\Ninzz\Programming\ceb-deepfake-detect\data\normalised\meta-mms\0268\0268.111028.015536.0524.1.wav,spoof,0268,meta-mms
0268.111028.015536.0525.1,C:\Users\Ninzz\Programming\ceb-deepfake-detect\data\normalised\meta-mms\0268\0268.111028.015536.0525.1.wav,spoof,0268,meta-mms
0268.111028.015536.0526.1,C:\Users\Ninzz\Programming\ceb-deepfake-detect\data\normalised\meta-mms\0268\0268.111028.015536.0526.1.wav,spoof,0268,meta-mms
0268.111028.015536.0529.1,C:\Users\Ninzz\Programming\ceb-deepfake-detect\data\normalised\meta-mms\0268\0268.111028.015536.0529.1.wav,spoof,0268,meta-mms
0268.111028.015536.0531.1,C:\Users\Ninzz\Programming\ceb-deepfake-detect\data\normalised\meta-mms\0268\0268.111028.015536.0531.1.wav,spoof,0268,meta-mms
0268.111028.015536.0532.1,C:\Users\Ninzz\Programming\ceb-deepfake-detect\data\normalised\meta-mms\0268\0268.111028.015536.0532.1.wav,spoof,0268,meta-mms
0268.111028.015536.0534.1,C:\Users\Ninzz\Programming\ceb-deepfake-detect\data\normalised\meta-mms\0268\0268.111028.015536.0534.1.wav,spoof,0268,meta-mms
0268.111028.015536.0535.1,C:\Users\Ninzz\Programming\ceb-deepfake-detect\data\normalised\meta-mms\0268\0268.111028.015536.0535.1.wav,spoof,0268,meta-mms
0268.111028.015536.0537.1,C:\Users\Ninzz\Programming\ceb-deepfake-detect\data\normalised\meta-mms\0268\0268.111028.015536.0537.1.wav,spoof,0268,meta-mms
0268.111028.015536.0538.1,C:\Users\Ninzz\Programming\ceb-deepfake-detect\data\normalised\meta-mms\0268\0268.111028.015536.0538.1.wav,spoof,0268,meta-mms
0268.111028.015536.0540.1,C:\Users\Ninzz\Programming\ceb-deepfake-detect\data\normalised\meta-mms\0268\0268.111028.015536.0540.1.wav,spoof,0268,meta-mms
0268.111028.015536.0542.1,C:\Users\Ninzz\Programming\ceb-deepfake-detect\data\normalised\meta-mms\0268\0268.111028.015536.0542.1.wav,spoof,0268,meta-mms
0268.111028.015536.0543.1,C:\Users\Ninzz\Programming\ceb-deepfake-detect\data\normalised\meta-mms\0268\0268.111028.015536.0543.1.wav,spoof,0268,meta-mms
0268.111028.015536.0544.1,C:\Users\Ninzz\Programming\ceb-deepfake-detect\data\normalised\meta-mms\0268\0268.111028.015536.0544.1.wav,spoof,0268,meta-mms
0268.111028.015536.0546.1,C:\Users\Ninzz\Programming\ceb-deepfake-detect\data\normalised\meta-mms\0268\0268.111028.015536.0546.1.wav,spoof,0268,meta-mms
0268.111028.015536.0548.1,C:\Users\Ninzz\Programming\ceb-deepfake-detect\data\normalised\meta-mms\0268\0268.111028.015536.0548.1.wav,spoof,0268,meta-mms
0268.111028.015536.0549.1,C:\Users\Ninzz\Programming\ceb-deepfake-detect\data\normalised\meta-mms\0268\0268.111028.015536.0549.1.wav,spoof,0268,meta-mms
0268.111028.015536.0552.1,C:\Users\Ninzz\Programming\ceb-deepfake-detect\data\normalised\meta-mms\0268\0268.111028.015536.0552.1.wav,spoof,0268,meta-mms
0268.111028.015536.0553.1,C:\Users\Ninzz\Programming\ceb-deepfake-detect\data\normalised\meta-mms\0268\0268.111028.015536.0553.1.wav,spoof,0268,meta-mms
0268.111028.015536.0555.1,C:\Users\Ninzz\Programming\ceb-deepfake-detect\data\normalised\meta-mms\0268\0268.111028.015536.0555.1.wav,spoof,0268,meta-mms
0268.111028.015536.0556.1,C:\Users\Ninzz\Programming\ceb-deepfake-detect\data\normalised\meta-mms\0268\0268.111028.015536.0556.1.wav,spoof,0268,meta-mms
0268.111028.015536.0557.1,C:\Users\Ninzz\Programming\ceb-deepfake-detect\data\normalised\meta-mms\0268\0268.111028.015536.0557.1.wav,spoof,0268,meta-mms
0268.111028.015536.0558.1,C:\Users\Ninzz\Programming\ceb-deepfake-detect\data\normalised\meta-mms\0268\0268.111028.015536.0558.1.wav,spoof,0268,meta-mms
0268.111028.015536.0560.1,C:\Users\Ninzz\Programming\ceb-deepfake-detect\data\normalised\meta-mms\0268\0268.111028.015536.0560.1.wav,spoof,0268,meta-mms
0268.111028.015536.0561.1,C:\Users\Ninzz\Programming\ceb-deepfake-detect\data\normalised\meta-mms\0268\0268.111028.015536.0561.1.wav,spoof,0268,meta-mms
0268.111028.015536.0562.1,C:\Users\Ninzz\Programming\ceb-deepfake-detect\data\normalised\meta-mms\0268\0268.111028.015536.0562.1.wav,spoof,0268,meta-mms
0268.111028.015536.0564.1,C:\Users\Ninzz\Programming\ceb-deepfake-detect\data\normalised\meta-mms\0268\0268.111028.015536.0564.1.wav,spoof,0268,meta-mms
0268.111028.015536.0565.1,C:\Users\Ninzz\Programming\ceb-deepfake-detect\data\normalised\meta-mms\0268\0268.111028.015536.0565.1.wav,spoof,0268,meta-mms
0268.111028.015536.0566.1,C:\Users\Ninzz\Programming\ceb-deepfake-detect\data\normalised\meta-mms\0268\0268.111028.015536.0566.1.wav,spoof,0268,meta-mms
0268.111028.015536.0572.1,C:\Users\Ninzz\Programming\ceb-deepfake-detect\data\normalised\meta-mms\0268\0268.111028.015536.0572.1.wav,spoof,0268,meta-mms
0268.111028.015536.0573.1,C:\Users\Ninzz\Programming\ceb-deepfake-detect\data\normalised\meta-mms\0268\0268.111028.015536.0573.1.wav,spoof,0268,meta-mms
0268.111028.015536.0576.1,C:\Users\Ninzz\Programming\ceb-deepfake-detect\data\normalised\meta-mms\0268\0268.111028.015536.0576.1.wav,spoof,0268,meta-mms
0268.111028.015536.0577.1,C:\Users\Ninzz\Programming\ceb-deepfake-detect\data\normalised\meta-mms\0268\0268.111028.015536.0577.1.wav,spoof,0268,meta-mms
0268.111028.015536.0579.1,C:\Users\Ninzz\Programming\ceb-deepfake-detect\data\normalised\meta-mms\0268\0268.111028.015536.0579.1.wav,spoof,0268,meta-mms
0268.111028.015536.0580.1,C:\Users\Ninzz\Programming\ceb-deepfake-detect\data\normalised\meta-mms\0268\0268.111028.015536.0580.1.wav,spoof,0268,meta-mms
0268.111028.015536.0581.1,C:\Users\Ninzz\Programming\ceb-deepfake-detect\data\normalised\meta-mms\0268\0268.111028.015536.0581.1.wav,spoof,0268,meta-mms
0268.111028.015536.0582.1,C:\Users\Ninzz\Programming\ceb-deepfake-detect\data\normalised\meta-mms\0268\0268.111028.015536.0582.1.wav,spoof,0268,meta-mms
0268.111028.015536.0583.1,C:\Users\Ninzz\Programming\ceb-deepfake-detect\data\normalised\meta-mms\0268\0268.111028.015536.0583.1.wav,spoof,0268,meta-mms
0268.111028.015536.0584.1,C:\Users\Ninzz\Programming\ceb-deepfake-detect\data\normalised\meta-mms\0268\0268.111028.015536.0584.1.wav,spoof,0268,meta-mms
0268.111028.015536.0587.1,C:\Users\Ninzz\Programming\ceb-deepfake-detect\data\normalised\meta-mms\0268\0268.111028.015536.0587.1.wav,spoof,0268,meta-mms
0268.111028.015536.0588.1,C:\Users\Ninzz\Programming\ceb-deepfake-detect\data\normalised\meta-mms\0268\0268.111028.015536.0588.1.wav,spoof,0268,meta-mms
0268.111028.015536.0589.1,C:\Users\Ninzz\Programming\ceb-deepfake-detect\data\normalised\meta-mms\0268\0268.111028.015536.0589.1.wav,spoof,0268,meta-mms
